[
    {
        "key": "group_666c5ba9dfb1e",
        "title": "Detalles de Autor",
        "fields": [
            {
                "key": "field_666c5baabad7f",
                "label": "Descripción",
                "name": "descripcion",
                "aria-label": "",
                "type": "textarea",
                "instructions": "",
                "required": 0,
                "conditional_logic": 0,
                "wrapper": {
                    "width": "",
                    "class": "",
                    "id": ""
                },
                "default_value": "",
                "maxlength": "",
                "rows": "",
                "placeholder": "",
                "new_lines": ""
            },
            {
                "key": "field_666c5be3bad80",
                "label": "Libro",
                "name": "libro",
                "aria-label": "",
                "type": "relationship",
                "instructions": "",
                "required": 0,
                "conditional_logic": 0,
                "wrapper": {
                    "width": "",
                    "class": "",
                    "id": ""
                },
                "post_type": [
                    "libro"
                ],
                "post_status": "",
                "taxonomy": "",
                "filters": [
                    "search",
                    "post_type",
                    "taxonomy"
                ],
                "return_format": "object",
                "min": "",
                "max": "",
                "elements": "",
                "bidirectional": 0,
                "bidirectional_target": []
            },
            {
                "key": "field_666c5d2fc4537",
                "label": "Foto",
                "name": "foto",
                "aria-label": "",
                "type": "image",
                "instructions": "",
                "required": 0,
                "conditional_logic": 0,
                "wrapper": {
                    "width": "",
                    "class": "",
                    "id": ""
                },
                "return_format": "url",
                "library": "all",
                "min_width": "",
                "min_height": "",
                "min_size": "",
                "max_width": "",
                "max_height": "",
                "max_size": "",
                "mime_types": "",
                "preview_size": "medium"
            }
        ],
        "location": [
            [
                {
                    "param": "post_type",
                    "operator": "==",
                    "value": "autor"
                }
            ]
        ],
        "menu_order": 0,
        "position": "normal",
        "style": "default",
        "label_placement": "top",
        "instruction_placement": "label",
        "hide_on_screen": "",
        "active": true,
        "description": "",
        "show_in_rest": 0
    },
    {
        "key": "group_6668c3b1f3975",
        "title": "Detalles de Blog",
        "fields": [
            {
                "key": "field_667daf9084fca",
                "label": "Tópico",
                "name": "topico",
                "aria-label": "",
                "type": "taxonomy",
                "instructions": "",
                "required": 1,
                "conditional_logic": 0,
                "wrapper": {
                    "width": "",
                    "class": "",
                    "id": ""
                },
                "taxonomy": "topico",
                "add_term": 1,
                "save_terms": 1,
                "load_terms": 1,
                "return_format": "object",
                "field_type": "checkbox",
                "bidirectional": 0,
                "multiple": 0,
                "allow_null": 0,
                "bidirectional_target": []
            },
            {
                "key": "field_666880b8ef392",
                "label": "Imagen",
                "name": "imagen",
                "aria-label": "",
                "type": "image",
                "instructions": "",
                "required": 0,
                "conditional_logic": 0,
                "wrapper": {
                    "width": "",
                    "class": "",
                    "id": ""
                },
                "return_format": "url",
                "library": "all",
                "min_width": "",
                "min_height": "",
                "min_size": "",
                "max_width": "",
                "max_height": "",
                "max_size": "",
                "mime_types": "",
                "preview_size": "medium"
            },
            {
                "key": "field_66818a95c8b8e",
                "label": "Descripción",
                "name": "descripcion",
                "aria-label": "",
                "type": "text",
                "instructions": "",
                "required": 0,
                "conditional_logic": 0,
                "wrapper": {
                    "width": "",
                    "class": "",
                    "id": ""
                },
                "default_value": "",
                "maxlength": "",
                "placeholder": "",
                "prepend": "",
                "append": ""
            },
            {
                "key": "field_666880c4ef393",
                "label": "Texto",
                "name": "texto",
                "aria-label": "",
                "type": "wysiwyg",
                "instructions": "",
                "required": 0,
                "conditional_logic": 0,
                "wrapper": {
                    "width": "",
                    "class": "",
                    "id": ""
                },
                "default_value": "",
                "tabs": "all",
                "toolbar": "full",
                "media_upload": 1,
                "delay": 0
            }
        ],
        "location": [
            [
                {
                    "param": "post_type",
                    "operator": "==",
                    "value": "blog"
                }
            ]
        ],
        "menu_order": 0,
        "position": "normal",
        "style": "default",
        "label_placement": "top",
        "instruction_placement": "label",
        "hide_on_screen": "",
        "active": true,
        "description": "",
        "show_in_rest": 0
    },
    {
        "key": "group_666b33e25f22d",
        "title": "Detalles de Distribución",
        "fields": [
            {
                "key": "field_666cc7a7698cd",
                "label": "País",
                "name": "pais",
                "aria-label": "",
                "type": "taxonomy",
                "instructions": "",
                "required": 1,
                "conditional_logic": 0,
                "wrapper": {
                    "width": "",
                    "class": "",
                    "id": ""
                },
                "taxonomy": "pais",
                "add_term": 1,
                "save_terms": 1,
                "load_terms": 1,
                "return_format": "object",
                "field_type": "select",
                "allow_null": 0,
                "bidirectional": 0,
                "multiple": 0,
                "bidirectional_target": []
            },
            {
                "key": "field_666b33e202921",
                "label": "Ubicación",
                "name": "ubicacion",
                "aria-label": "",
                "type": "text",
                "instructions": "",
                "required": 1,
                "conditional_logic": 0,
                "wrapper": {
                    "width": "",
                    "class": "",
                    "id": ""
                },
                "default_value": "",
                "maxlength": "",
                "placeholder": "",
                "prepend": "",
                "append": ""
            },
            {
                "key": "field_666b34c002922",
                "label": "RRSS",
                "name": "rrss",
                "aria-label": "",
                "type": "group",
                "instructions": "",
                "required": 0,
                "conditional_logic": 0,
                "wrapper": {
                    "width": "",
                    "class": "",
                    "id": ""
                },
                "layout": "block",
                "sub_fields": [
                    {
                        "key": "field_666b55c8ad55b",
                        "label": "Texto",
                        "name": "texto",
                        "aria-label": "",
                        "type": "text",
                        "instructions": "",
                        "required": 0,
                        "conditional_logic": 0,
                        "wrapper": {
                            "width": "",
                            "class": "",
                            "id": ""
                        },
                        "default_value": "",
                        "maxlength": "",
                        "placeholder": "",
                        "prepend": "",
                        "append": ""
                    },
                    {
                        "key": "field_666b55cdad55c",
                        "label": "URL",
                        "name": "url",
                        "aria-label": "",
                        "type": "url",
                        "instructions": "",
                        "required": 0,
                        "conditional_logic": 0,
                        "wrapper": {
                            "width": "",
                            "class": "",
                            "id": ""
                        },
                        "default_value": "",
                        "placeholder": ""
                    }
                ]
            },
            {
                "key": "field_666b351f02923",
                "label": "Otro",
                "name": "otro",
                "aria-label": "",
                "type": "text",
                "instructions": "",
                "required": 0,
                "conditional_logic": 0,
                "wrapper": {
                    "width": "",
                    "class": "",
                    "id": ""
                },
                "default_value": "",
                "maxlength": "",
                "placeholder": "",
                "prepend": "",
                "append": ""
            }
        ],
        "location": [
            [
                {
                    "param": "post_type",
                    "operator": "==",
                    "value": "distribucion"
                }
            ]
        ],
        "menu_order": 0,
        "position": "normal",
        "style": "default",
        "label_placement": "top",
        "instruction_placement": "label",
        "hide_on_screen": "",
        "active": true,
        "description": "",
        "show_in_rest": 0
    },
    {
        "key": "group_6663713d171ab",
        "title": "Detalles de Libro",
        "fields": [
            {
                "key": "field_666b31523cadd",
                "label": "Colección",
                "name": "coleccion",
                "aria-label": "",
                "type": "taxonomy",
                "instructions": "",
                "required": 0,
                "conditional_logic": 0,
                "wrapper": {
                    "width": "",
                    "class": "",
                    "id": ""
                },
                "taxonomy": "coleccion",
                "add_term": 1,
                "save_terms": 1,
                "load_terms": 1,
                "return_format": "object",
                "field_type": "checkbox",
                "bidirectional": 0,
                "multiple": 0,
                "allow_null": 0,
                "bidirectional_target": []
            },
            {
                "key": "field_666371640a5a2",
                "label": "Cover",
                "name": "cover",
                "aria-label": "",
                "type": "image",
                "instructions": "",
                "required": 0,
                "conditional_logic": 0,
                "wrapper": {
                    "width": "",
                    "class": "",
                    "id": ""
                },
                "return_format": "url",
                "library": "uploadedTo",
                "min_width": "",
                "min_height": "",
                "min_size": "",
                "max_width": "",
                "max_height": "",
                "max_size": "",
                "mime_types": "",
                "preview_size": "medium"
            },
            {
                "key": "field_6663713d0a5a0",
                "label": "Autor",
                "name": "autor",
                "aria-label": "",
                "type": "text",
                "instructions": "",
                "required": 1,
                "conditional_logic": 0,
                "wrapper": {
                    "width": "",
                    "class": "",
                    "id": ""
                },
                "default_value": "",
                "maxlength": "",
                "placeholder": "",
                "prepend": "",
                "append": ""
            },
            {
                "key": "field_6663715d0a5a1",
                "label": "ISBN",
                "name": "isbn",
                "aria-label": "",
                "type": "text",
                "instructions": "",
                "required": 0,
                "conditional_logic": 0,
                "wrapper": {
                    "width": "",
                    "class": "",
                    "id": ""
                },
                "default_value": "",
                "maxlength": "",
                "placeholder": "",
                "prepend": "",
                "append": ""
            },
            {
                "key": "field_666371cb0a5a3",
                "label": "Descripción",
                "name": "descripcion",
                "aria-label": "",
                "type": "textarea",
                "instructions": "",
                "required": 0,
                "conditional_logic": 0,
                "wrapper": {
                    "width": "",
                    "class": "",
                    "id": ""
                },
                "default_value": "",
                "maxlength": "",
                "rows": "",
                "placeholder": "",
                "new_lines": ""
            },
            {
                "key": "field_666b377d200d4",
                "label": "Ficha Técnica",
                "name": "ficha_tecnica",
                "aria-label": "",
                "type": "textarea",
                "instructions": "",
                "required": 0,
                "conditional_logic": 0,
                "wrapper": {
                    "width": "",
                    "class": "",
                    "id": ""
                },
                "default_value": "",
                "maxlength": "",
                "rows": "",
                "placeholder": "",
                "new_lines": ""
            },
            {
                "key": "field_666b40b0d4f8f",
                "label": "PVP",
                "name": "pvp",
                "aria-label": "",
                "type": "number",
                "instructions": "",
                "required": 0,
                "conditional_logic": 0,
                "wrapper": {
                    "width": "",
                    "class": "",
                    "id": ""
                },
                "default_value": "",
                "min": "",
                "max": "",
                "placeholder": "",
                "step": "",
                "prepend": "",
                "append": ""
            },
            {
                "key": "field_666b3975200d5",
                "label": "Compra en Linea",
                "name": "compra_en_linea",
                "aria-label": "",
                "type": "relationship",
                "instructions": "",
                "required": 0,
                "conditional_logic": 0,
                "wrapper": {
                    "width": "",
                    "class": "",
                    "id": ""
                },
                "post_type": [
                    "tienda"
                ],
                "post_status": "",
                "taxonomy": "",
                "filters": [
                    "search",
                    "post_type",
                    "taxonomy"
                ],
                "return_format": "object",
                "min": "",
                "max": "",
                "elements": "",
                "bidirectional": 0,
                "bidirectional_target": []
            },
            {
                "key": "field_666b3ac6200d8",
                "label": "Prensa",
                "name": "prensa",
                "aria-label": "",
                "type": "wysiwyg",
                "instructions": "",
                "required": 0,
                "conditional_logic": 0,
                "wrapper": {
                    "width": "",
                    "class": "",
                    "id": ""
                },
                "default_value": "",
                "tabs": "all",
                "toolbar": "full",
                "media_upload": 1,
                "delay": 0
            }
        ],
        "location": [
            [
                {
                    "param": "post_type",
                    "operator": "==",
                    "value": "libro"
                }
            ]
        ],
        "menu_order": 0,
        "position": "normal",
        "style": "default",
        "label_placement": "top",
        "instruction_placement": "label",
        "hide_on_screen": "",
        "active": true,
        "description": "",
        "show_in_rest": 0
    },
    {
        "key": "group_6674c821f08b8",
        "title": "Detalles de Tienda",
        "fields": [
            {
                "key": "field_6674c822e5331",
                "label": "Logo",
                "name": "logo",
                "aria-label": "",
                "type": "image",
                "instructions": "",
                "required": 1,
                "conditional_logic": 0,
                "wrapper": {
                    "width": "",
                    "class": "",
                    "id": ""
                },
                "return_format": "url",
                "library": "all",
                "min_width": "",
                "min_height": "",
                "min_size": "",
                "max_width": "",
                "max_height": "",
                "max_size": "",
                "mime_types": "",
                "preview_size": "medium"
            },
            {
                "key": "field_6674c888e5332",
                "label": "URL",
                "name": "url",
                "aria-label": "",
                "type": "url",
                "instructions": "",
                "required": 0,
                "conditional_logic": 0,
                "wrapper": {
                    "width": "",
                    "class": "",
                    "id": ""
                },
                "default_value": "",
                "placeholder": ""
            }
        ],
        "location": [
            [
                {
                    "param": "post_type",
                    "operator": "==",
                    "value": "tienda"
                }
            ]
        ],
        "menu_order": 0,
        "position": "normal",
        "style": "default",
        "label_placement": "top",
        "instruction_placement": "label",
        "hide_on_screen": "",
        "active": true,
        "description": "",
        "show_in_rest": 0
    },
    {
        "key": "taxonomy_666b12b8e2547",
        "title": "Colecciones",
        "menu_order": 0,
        "active": true,
        "taxonomy": "coleccion",
        "object_type": "",
        "advanced_configuration": 0,
        "import_source": "",
        "import_date": "",
        "labels": {
            "name": "Colecciones",
            "singular_name": "Coleccion",
            "menu_name": "Colecciones",
            "all_items": "All Colecciones",
            "edit_item": "Edit Coleccion",
            "view_item": "View Coleccion",
            "update_item": "Update Coleccion",
            "add_new_item": "Add New Coleccion",
            "new_item_name": "New Coleccion Name",
            "search_items": "Search Colecciones",
            "popular_items": "Popular Colecciones",
            "separate_items_with_commas": "Separate colecciones with commas",
            "add_or_remove_items": "Add or remove colecciones",
            "choose_from_most_used": "Choose from the most used colecciones",
            "most_used": "",
            "not_found": "No colecciones found",
            "no_terms": "No colecciones",
            "name_field_description": "",
            "slug_field_description": "",
            "desc_field_description": "",
            "items_list_navigation": "Colecciones list navigation",
            "items_list": "Colecciones list",
            "back_to_items": "← Go to colecciones",
            "item_link": "Coleccion Link",
            "item_link_description": "A link to a coleccion"
        },
        "description": "",
        "capabilities": {
            "manage_terms": "manage_categories",
            "edit_terms": "manage_categories",
            "delete_terms": "manage_categories",
            "assign_terms": "edit_posts"
        },
        "public": 1,
        "publicly_queryable": 1,
        "hierarchical": 0,
        "show_ui": 1,
        "show_in_menu": 1,
        "show_in_nav_menus": 1,
        "show_in_rest": 1,
        "rest_base": "",
        "rest_namespace": "wp\/v2",
        "rest_controller_class": "WP_REST_Terms_Controller",
        "show_tagcloud": 1,
        "show_in_quick_edit": 1,
        "show_admin_column": 0,
        "rewrite": {
            "permalink_rewrite": "taxonomy_key",
            "with_front": "1",
            "rewrite_hierarchical": "0"
        },
        "query_var": "post_type_key",
        "query_var_name": "",
        "default_term": {
            "default_term_enabled": "0"
        },
        "sort": 0,
        "meta_box": "default",
        "meta_box_cb": "",
        "meta_box_sanitize_cb": ""
    },
    {
        "key": "taxonomy_666cc30c6ceff",
        "title": "Países",
        "menu_order": 0,
        "active": true,
        "taxonomy": "pais",
        "object_type": "",
        "advanced_configuration": 0,
        "import_source": "",
        "import_date": "",
        "labels": {
            "name": "Países",
            "singular_name": "País",
            "menu_name": "Paises",
            "all_items": "All Paises",
            "edit_item": "Edit Pais",
            "view_item": "View Pais",
            "update_item": "Update Pais",
            "add_new_item": "Add New Pais",
            "new_item_name": "New Pais Name",
            "search_items": "Search Paises",
            "popular_items": "Popular Paises",
            "separate_items_with_commas": "Separate paises with commas",
            "add_or_remove_items": "Add or remove paises",
            "choose_from_most_used": "Choose from the most used paises",
            "most_used": "",
            "not_found": "No paises found",
            "no_terms": "No paises",
            "name_field_description": "",
            "slug_field_description": "",
            "desc_field_description": "",
            "items_list_navigation": "Paises list navigation",
            "items_list": "Paises list",
            "back_to_items": "← Go to paises",
            "item_link": "Pais Link",
            "item_link_description": "A link to a pais"
        },
        "description": "",
        "capabilities": {
            "manage_terms": "manage_categories",
            "edit_terms": "manage_categories",
            "delete_terms": "manage_categories",
            "assign_terms": "edit_posts"
        },
        "public": 1,
        "publicly_queryable": 1,
        "hierarchical": 0,
        "show_ui": 1,
        "show_in_menu": 1,
        "show_in_nav_menus": 1,
        "show_in_rest": 1,
        "rest_base": "",
        "rest_namespace": "wp\/v2",
        "rest_controller_class": "WP_REST_Terms_Controller",
        "show_tagcloud": 1,
        "show_in_quick_edit": 1,
        "show_admin_column": 0,
        "rewrite": {
            "permalink_rewrite": "taxonomy_key",
            "with_front": "1",
            "rewrite_hierarchical": "0"
        },
        "query_var": "post_type_key",
        "query_var_name": "",
        "default_term": {
            "default_term_enabled": "0"
        },
        "sort": 0,
        "meta_box": "default",
        "meta_box_cb": "",
        "meta_box_sanitize_cb": ""
    },
    {
        "key": "taxonomy_667dad3658d43",
        "title": "Tópicos",
        "menu_order": 0,
        "active": true,
        "taxonomy": "topico",
        "object_type": "",
        "advanced_configuration": 0,
        "import_source": "",
        "import_date": "",
        "labels": {
            "name": "Tópicos",
            "singular_name": "Tópico",
            "menu_name": "Temas",
            "all_items": "All Temas",
            "edit_item": "Edit tema",
            "view_item": "View tema",
            "update_item": "Update tema",
            "add_new_item": "Add New tema",
            "new_item_name": "New tema Name",
            "search_items": "Search Temas",
            "popular_items": "Popular Temas",
            "separate_items_with_commas": "Separate temas with commas",
            "add_or_remove_items": "Add or remove temas",
            "choose_from_most_used": "Choose from the most used temas",
            "most_used": "",
            "not_found": "No temas found",
            "no_terms": "No temas",
            "name_field_description": "",
            "slug_field_description": "",
            "desc_field_description": "",
            "items_list_navigation": "Temas list navigation",
            "items_list": "Temas list",
            "back_to_items": "← Go to temas",
            "item_link": "tema Link",
            "item_link_description": "A link to a tema"
        },
        "description": "",
        "capabilities": {
            "manage_terms": "manage_categories",
            "edit_terms": "manage_categories",
            "delete_terms": "manage_categories",
            "assign_terms": "edit_posts"
        },
        "public": 1,
        "publicly_queryable": 1,
        "hierarchical": 0,
        "show_ui": 1,
        "show_in_menu": 1,
        "show_in_nav_menus": 1,
        "show_in_rest": 1,
        "rest_base": "",
        "rest_namespace": "wp\/v2",
        "rest_controller_class": "WP_REST_Terms_Controller",
        "show_tagcloud": 1,
        "show_in_quick_edit": 1,
        "show_admin_column": 0,
        "rewrite": {
            "permalink_rewrite": "taxonomy_key",
            "with_front": "1",
            "rewrite_hierarchical": "0"
        },
        "query_var": "post_type_key",
        "query_var_name": "",
        "default_term": {
            "default_term_enabled": "0"
        },
        "sort": 0,
        "meta_box": "default",
        "meta_box_cb": "",
        "meta_box_sanitize_cb": ""
    },
    {
        "key": "post_type_666b142177fa1",
        "title": "Autores",
        "menu_order": 0,
        "active": true,
        "post_type": "autor",
        "advanced_configuration": false,
        "import_source": "cptui",
        "import_date": 1718293537,
        "labels": {
            "name": "Autores",
            "singular_name": "Autor",
            "menu_name": "Autores",
            "all_items": "All Autores",
            "edit_item": "Edit Autor",
            "view_item": "View Autor",
            "view_items": "View Autores",
            "add_new_item": "Add New Autor",
            "add_new": "Add New Autor",
            "new_item": "New Autor",
            "parent_item_colon": "Parent Autor:",
            "search_items": "Search Autores",
            "not_found": "No autores found",
            "not_found_in_trash": "No autores found in Trash",
            "archives": "Autor Archives",
            "attributes": "Autor Attributes",
            "featured_image": "Featured image for this Autor",
            "set_featured_image": "Set featured image for this Autor",
            "remove_featured_image": "Remove featured image for this Autor",
            "use_featured_image": "Use as featured image for this Autor",
            "insert_into_item": "Insert into autor",
            "uploaded_to_this_item": "Uploaded to this autor",
            "filter_items_list": "Filter autores list",
            "filter_by_date": "Filter autores by date",
            "items_list_navigation": "Autores list navigation",
            "items_list": "Autores list",
            "item_published": "Autor published.",
            "item_published_privately": "Autor published privately.",
            "item_reverted_to_draft": "Autor reverted to draft.",
            "item_scheduled": "Autor scheduled.",
            "item_updated": "Autor updated.",
            "item_link": "Autor Link",
            "item_link_description": "A link to a autor."
        },
        "description": "",
        "public": true,
        "hierarchical": false,
        "exclude_from_search": false,
        "publicly_queryable": true,
        "show_ui": true,
        "show_in_menu": true,
        "admin_menu_parent": "",
        "show_in_admin_bar": true,
        "show_in_nav_menus": true,
        "show_in_rest": true,
        "rest_base": "",
        "rest_namespace": "",
        "rest_controller_class": "",
        "menu_position": "",
        "menu_icon": {
            "type": "dashicons",
            "value": "dashicons-admin-post"
        },
        "rename_capabilities": false,
        "singular_capability_name": "post",
        "plural_capability_name": "posts",
        "supports": [
            "title",
            "editor",
            "thumbnail"
        ],
        "taxonomies": "",
        "has_archive": false,
        "has_archive_slug": "",
        "rewrite": {
            "permalink_rewrite": "post_type_key",
            "with_front": "1",
            "feeds": "0",
            "pages": "1"
        },
        "query_var": "post_type_key",
        "query_var_name": "",
        "can_export": false,
        "delete_with_user": false,
        "register_meta_box_cb": "",
        "enter_title_here": "Add Autor"
    },
    {
        "key": "post_type_666b1421770de",
        "title": "Blogs",
        "menu_order": 0,
        "active": true,
        "post_type": "blog",
        "advanced_configuration": true,
        "import_source": "cptui",
        "import_date": 1718293537,
        "labels": {
            "name": "Blogs",
            "singular_name": "Blog",
            "menu_name": "My Boletines",
            "all_items": "All Boletines",
            "edit_item": "Edit Boletin",
            "view_item": "View Boletin",
            "view_items": "View Boletines",
            "add_new_item": "Add new Boletin",
            "add_new": "Add new",
            "new_item": "New Boletin",
            "parent_item_colon": "Parent Boletin:",
            "search_items": "Search Boletines",
            "not_found": "No Boletines found",
            "not_found_in_trash": "No Boletines found in trash",
            "archives": "Boletin archives",
            "attributes": "Boletines attributes",
            "featured_image": "Featured image for this Boletin",
            "set_featured_image": "Set featured image for this Boletin",
            "remove_featured_image": "Remove featured image for this Boletin",
            "use_featured_image": "Use as featured image for this Boletin",
            "insert_into_item": "Insert into Boletin",
            "uploaded_to_this_item": "Upload to this Boletin",
            "filter_items_list": "Filter Boletines list",
            "filter_by_date": "Filter blogs by date",
            "items_list_navigation": "Boletines list navigation",
            "items_list": "Boletines list",
            "item_published": "Boletin published",
            "item_published_privately": "Boletin published privately.",
            "item_reverted_to_draft": "Boletin reverted to draft.",
            "item_scheduled": "Boletin scheduled",
            "item_updated": "Boletin updated.",
            "item_link": "Blog Link",
            "item_link_description": "A link to a blog."
        },
        "description": "",
        "public": true,
        "hierarchical": false,
        "exclude_from_search": false,
        "publicly_queryable": true,
        "show_ui": true,
        "show_in_menu": true,
        "admin_menu_parent": "",
        "show_in_admin_bar": true,
        "show_in_nav_menus": true,
        "show_in_rest": true,
        "rest_base": "",
        "rest_namespace": "",
        "rest_controller_class": "",
        "menu_position": "",
        "menu_icon": {
            "type": "dashicons",
            "value": "dashicons-admin-post"
        },
        "rename_capabilities": false,
        "singular_capability_name": "post",
        "plural_capability_name": "posts",
        "supports": [
            "title",
            "editor",
            "thumbnail"
        ],
        "taxonomies": "",
        "has_archive": false,
        "has_archive_slug": "",
        "rewrite": {
            "permalink_rewrite": "post_type_key",
            "with_front": "1",
            "feeds": "0",
            "pages": "1"
        },
        "query_var": "post_type_key",
        "query_var_name": "",
        "can_export": false,
        "delete_with_user": false,
        "register_meta_box_cb": "",
        "enter_title_here": "Add Boletin"
    },
    {
        "key": "post_type_666b3288d0030",
        "title": "Distribuciones",
        "menu_order": 0,
        "active": true,
        "post_type": "distribucion",
        "advanced_configuration": false,
        "import_source": "",
        "import_date": "",
        "labels": {
            "name": "Distribuciones",
            "singular_name": "Distribución",
            "menu_name": "Distribuciones",
            "all_items": "All Distribuciones",
            "edit_item": "Edit Distribución",
            "view_item": "View Distribución",
            "view_items": "View Distribuciones",
            "add_new_item": "Add New Distribución",
            "add_new": "Add New Distribución",
            "new_item": "New Distribución",
            "parent_item_colon": "Parent Distribución:",
            "search_items": "Search Distribuciones",
            "not_found": "No distribuciones found",
            "not_found_in_trash": "No distribuciones found in Trash",
            "archives": "Distribución Archives",
            "attributes": "Distribución Attributes",
            "featured_image": "",
            "set_featured_image": "",
            "remove_featured_image": "",
            "use_featured_image": "",
            "insert_into_item": "Insert into distribución",
            "uploaded_to_this_item": "Uploaded to this distribución",
            "filter_items_list": "Filter distribuciones list",
            "filter_by_date": "Filter distribuciones by date",
            "items_list_navigation": "Distribuciones list navigation",
            "items_list": "Distribuciones list",
            "item_published": "Distribución published.",
            "item_published_privately": "Distribución published privately.",
            "item_reverted_to_draft": "Distribución reverted to draft.",
            "item_scheduled": "Distribución scheduled.",
            "item_updated": "Distribución updated.",
            "item_link": "Distribución Link",
            "item_link_description": "A link to a distribución."
        },
        "description": "",
        "public": true,
        "hierarchical": false,
        "exclude_from_search": false,
        "publicly_queryable": true,
        "show_ui": true,
        "show_in_menu": true,
        "admin_menu_parent": "",
        "show_in_admin_bar": true,
        "show_in_nav_menus": true,
        "show_in_rest": true,
        "rest_base": "",
        "rest_namespace": "wp\/v2",
        "rest_controller_class": "WP_REST_Posts_Controller",
        "menu_position": "",
        "menu_icon": {
            "type": "dashicons",
            "value": "dashicons-admin-post"
        },
        "rename_capabilities": false,
        "singular_capability_name": "post",
        "plural_capability_name": "posts",
        "supports": [
            "title",
            "editor",
            "thumbnail",
            "custom-fields"
        ],
        "taxonomies": [
            "pais"
        ],
        "has_archive": false,
        "has_archive_slug": "",
        "rewrite": {
            "permalink_rewrite": "post_type_key",
            "with_front": "1",
            "feeds": "0",
            "pages": "1"
        },
        "query_var": "post_type_key",
        "query_var_name": "",
        "can_export": true,
        "delete_with_user": false,
        "register_meta_box_cb": "",
        "enter_title_here": ""
    },
    {
        "key": "post_type_666b1421763be",
        "title": "Libros",
        "menu_order": 0,
        "active": true,
        "post_type": "libro",
        "advanced_configuration": true,
        "import_source": "cptui",
        "import_date": 1718293537,
        "labels": {
            "name": "Libros",
            "singular_name": "Libro",
            "menu_name": "My Libros",
            "all_items": "All Libros",
            "edit_item": "Edit Libro",
            "view_item": "View Libro",
            "view_items": "View Libros",
            "add_new_item": "Add new Libro",
            "add_new": "Add new",
            "new_item": "New Libro",
            "parent_item_colon": "Parent Libro:",
            "search_items": "Search Libros",
            "not_found": "No Libros found",
            "not_found_in_trash": "No Libros found in trash",
            "archives": "Libro archives",
            "attributes": "Libros attributes",
            "featured_image": "Featured image for this Libro",
            "set_featured_image": "Set featured image for this Libro",
            "remove_featured_image": "Remove featured image for this Libro",
            "use_featured_image": "Use as featured image for this Libro",
            "insert_into_item": "Insert into Libro",
            "uploaded_to_this_item": "Upload to this Libro",
            "filter_items_list": "Filter Libros list",
            "filter_by_date": "",
            "items_list_navigation": "Libros list navigation",
            "items_list": "Libros list",
            "item_published": "Libro published",
            "item_published_privately": "Libro published privately.",
            "item_reverted_to_draft": "Libro reverted to draft.",
            "item_scheduled": "Libro scheduled",
            "item_updated": "Libro updated.",
            "item_link": "",
            "item_link_description": ""
        },
        "description": "Libros",
        "public": true,
        "hierarchical": false,
        "exclude_from_search": false,
        "publicly_queryable": true,
        "show_ui": true,
        "show_in_menu": true,
        "admin_menu_parent": "",
        "show_in_admin_bar": true,
        "show_in_nav_menus": true,
        "show_in_rest": true,
        "rest_base": "",
        "rest_namespace": "",
        "rest_controller_class": "",
        "menu_position": "",
        "menu_icon": {
            "type": "dashicons",
            "value": "dashicons-admin-post"
        },
        "rename_capabilities": false,
        "singular_capability_name": "post",
        "plural_capability_name": "posts",
        "supports": [
            "title",
            "editor",
            "thumbnail"
        ],
        "taxonomies": [
            "coleccion"
        ],
        "has_archive": false,
        "has_archive_slug": "",
        "rewrite": {
            "permalink_rewrite": "post_type_key",
            "with_front": "1",
            "feeds": "0",
            "pages": "1"
        },
        "query_var": "post_type_key",
        "query_var_name": "",
        "can_export": false,
        "delete_with_user": false,
        "register_meta_box_cb": "",
        "enter_title_here": "Add Libro"
    },
    {
        "key": "post_type_6674c7c935f1a",
        "title": "Tiendas",
        "menu_order": 0,
        "active": true,
        "post_type": "tienda",
        "advanced_configuration": false,
        "import_source": "",
        "import_date": "",
        "labels": {
            "name": "Tiendas",
            "singular_name": "Tienda",
            "menu_name": "Tiendas",
            "all_items": "All Tiendas",
            "edit_item": "Edit Tienda",
            "view_item": "View Tienda",
            "view_items": "View Tiendas",
            "add_new_item": "Add New Tienda",
            "add_new": "Add New Tienda",
            "new_item": "New Tienda",
            "parent_item_colon": "Parent Tienda:",
            "search_items": "Search Tiendas",
            "not_found": "No tiendas found",
            "not_found_in_trash": "No tiendas found in Trash",
            "archives": "Tienda Archives",
            "attributes": "Tienda Attributes",
            "featured_image": "",
            "set_featured_image": "",
            "remove_featured_image": "",
            "use_featured_image": "",
            "insert_into_item": "Insert into tienda",
            "uploaded_to_this_item": "Uploaded to this tienda",
            "filter_items_list": "Filter tiendas list",
            "filter_by_date": "Filter tiendas by date",
            "items_list_navigation": "Tiendas list navigation",
            "items_list": "Tiendas list",
            "item_published": "Tienda published.",
            "item_published_privately": "Tienda published privately.",
            "item_reverted_to_draft": "Tienda reverted to draft.",
            "item_scheduled": "Tienda scheduled.",
            "item_updated": "Tienda updated.",
            "item_link": "Tienda Link",
            "item_link_description": "A link to a tienda."
        },
        "description": "",
        "public": true,
        "hierarchical": false,
        "exclude_from_search": false,
        "publicly_queryable": true,
        "show_ui": true,
        "show_in_menu": true,
        "admin_menu_parent": "",
        "show_in_admin_bar": true,
        "show_in_nav_menus": true,
        "show_in_rest": true,
        "rest_base": "",
        "rest_namespace": "wp\/v2",
        "rest_controller_class": "WP_REST_Posts_Controller",
        "menu_position": "",
        "menu_icon": {
            "type": "dashicons",
            "value": "dashicons-admin-post"
        },
        "rename_capabilities": false,
        "singular_capability_name": "post",
        "plural_capability_name": "posts",
        "supports": [
            "title",
            "editor",
            "thumbnail",
            "custom-fields"
        ],
        "taxonomies": "",
        "has_archive": false,
        "has_archive_slug": "",
        "rewrite": {
            "permalink_rewrite": "post_type_key",
            "with_front": "1",
            "feeds": "0",
            "pages": "1"
        },
        "query_var": "post_type_key",
        "query_var_name": "",
        "can_export": true,
        "delete_with_user": false,
        "register_meta_box_cb": "",
        "enter_title_here": ""
    }
]
